,TempLow,TempHigh,Steaming,Sun,WindSpeed,DayWindSpeed,NightWindSpeed,DayHumidity,NightHumidity,DayPressure,NightPressure,DayCloud,NightCloud,DayTemp,NightTemp,Weather,RISK_MM,Year,Month,Day
TempLow,1.0,0.7385460955884472,0.3696740875364112,0.06813426612059033,0.2009956824217602,0.20299878577677719,0.19675975016072894,-0.04421526959084775,-0.34793101776968804,-0.4587547572359274,-0.45461745583070035,0.05925378370587197,0.015236964901075357,0.9009561578120209,0.7042230477898013,0.02881606147984847,0.10365526519757746,-0.002440174127000757,-0.003275341329529146,-0.004147887235504146
TempHigh,0.7385460955884472,1.0,0.4481216866216631,0.33250647948872797,0.11898230668655699,0.05458068148563038,0.0784602763237234,-0.518817385849459,-0.18844837526170435,-0.36278011110151204,-0.43471099743052866,-0.21230024712532045,-0.20086886834087744,0.880028636323001,0.9706184011658091,-0.1173227376215565,-0.04559465547882738,-0.0012049772724938117,-0.007321451256525962,-0.0043317816795631165
Steaming,0.3696740875364112,0.4481216866216631,1.0,0.2934511143144645,0.17676447308986343,0.1694244936948515,0.11397722282428414,-0.313101830794027,-0.22782478717799784,-0.24997378044635674,-0.25824850035236185,-0.13850655352534783,-0.1294876781627294,0.4295385781901504,0.4362068637443567,-0.06545531738034667,-0.029999643090214675,-0.0003766692257318001,-0.005097051462496624,-0.0048536682917590295
Sun,0.06813426612059033,0.33250647948872797,0.2934511143144645,1.0,-0.008054606036666627,0.015590994204916919,0.05002700931786946,-0.42511994413482085,-0.020537385782713885,0.007488961523001189,-0.03695046528296884,-0.5236749597679996,-0.5521495482230867,0.21984480956468117,0.3510407528402279,-0.1211926966135071,-0.20170837193566796,-0.003137877111021309,-0.006619540451467153,-0.0007488725553985773
WindSpeed,0.2009956824217602,0.11898230668655699,0.17676447308986343,-0.008054606036666627,1.0,0.5759545835526092,0.6601565634550127,-0.0858287403822298,-0.28427281408637384,-0.42861672407470247,-0.39843362966265244,0.03991365942895527,0.07050348376001442,0.19295980743322927,0.08563256709058813,0.08089815251217805,0.14762578867009896,0.002631395107532183,-0.0015174555602096356,1.4024170672893078e-05
DayWindSpeed,0.20299878577677719,0.05458068148563038,0.1694244936948515,0.015590994204916919,0.5759545835526092,1.0,0.4955155903371891,-0.09189677415290512,-0.34792740807161565,-0.2166237471339258,-0.17767512882255454,0.002545753730862465,0.02832357003858132,0.16511639644867068,0.04268200569764995,0.04784717961657494,0.051611065364982264,-0.0008190201098097054,-0.0015774091038553853,0.0027633689649704785
NightWindSpeed,0.19675975016072894,0.0784602763237234,0.11397722282428414,0.05002700931786946,0.6601565634550127,0.4955155903371891,1.0,-0.010334185953616232,-0.2287569798359577,-0.2810647625143265,-0.25027018530667594,0.03360511960731321,0.008325184171578298,0.19452403305300436,0.05868069109029003,0.03493377231421579,0.03622433430021481,-6.392443354429193e-05,-0.0032308314375632864,0.00557508231586684
DayHumidity,-0.04421526959084775,-0.518817385849459,-0.313101830794027,-0.42511994413482085,-0.0858287403822298,-0.09189677415290512,-0.010334185953616232,1.0,-0.027699762411964007,0.030377833457814793,0.09642792030141781,0.38208304648187025,0.37400008343119345,-0.2659547948667016,-0.5768745008536001,0.20216646640823638,0.2797151466524803,0.00013877846490407408,-0.0022835266578247267,0.006708477361358363
NightHumidity,-0.34793101776968804,-0.18844837526170435,-0.22782478717799784,-0.020537385782713885,-0.28427281408637384,-0.34792740807161565,-0.2287569798359577,-0.027699762411964007,1.0,0.24012165570037064,0.22017340062368534,0.056187937816705044,-0.052505681503857184,-0.43878507507669506,-0.12103459398231517,0.039215031745721,-0.11135744191681234,0.0021017940570134596,0.00241030056207485,-0.004261941399816736
DayPressure,-0.4587547572359274,-0.36278011110151204,-0.24997378044635674,0.007488961523001189,-0.42861672407470247,-0.2166237471339258,-0.2810647625143265,0.030377833457814793,0.24012165570037064,1.0,0.9620520543737116,-0.09136352815344169,-0.10648350278642366,-0.44583105536219525,-0.3177856230559418,-0.10345571786822808,-0.1516754120399362,0.0021819091789305207,0.003678522413931768,-0.002030155273216048
NightPressure,-0.45461745583070035,-0.43471099743052866,-0.25824850035236185,-0.03695046528296884,-0.39843362966265244,-0.17767512882255454,-0.25027018530667594,0.09642792030141781,0.22017340062368534,0.9620520543737116,1.0,-0.0436185499451346,-0.062311567698195715,-0.47604405455465604,-0.39497345213557333,-0.058109706951754325,-0.14860641481039719,0.000136711330846496,0.00045847044267289746,5.7231068186739514e-05
DayCloud,0.05925378370587197,-0.21230024712532045,-0.13850655352534783,-0.5236749597679996,0.03991365942895527,0.002545753730862465,0.03360511960731321,0.38208304648187025,0.056187937816705044,-0.09136352815344169,-0.0436185499451346,1.0,0.5531644427002094,-0.10292684247328973,-0.2225814281165001,0.12393728427168879,0.15068071200238897,0.00023988135654925255,0.003446651368007148,-0.0037042716457992386
NightCloud,0.015236964901075357,-0.20086886834087744,-0.1294876781627294,-0.5521495482230867,0.07050348376001442,0.02832357003858132,0.008325184171578298,0.37400008343119345,-0.052505681503857184,-0.10648350278642366,-0.062311567698195715,0.5531644427002094,1.0,-0.09164753546756914,-0.23526668834491288,0.11363013392483079,0.18763790151206797,0.007308267880391541,0.01170618810985046,-0.006572826306858088
DayTemp,0.9009561578120209,0.880028636323001,0.4295385781901504,0.21984480956468117,0.19295980743322927,0.16511639644867068,0.19452403305300436,-0.2659547948667016,-0.43878507507669506,-0.44583105536219525,-0.47604405455465604,-0.10292684247328973,-0.09164753546756914,1.0,0.8445899779845251,-0.04683503522304436,0.04433332534608559,-0.0020297382253444732,-0.0013842019365087129,-0.0001021566817167705
NightTemp,0.7042230477898013,0.9706184011658091,0.4362068637443567,0.3510407528402279,0.08563256709058813,0.04268200569764995,0.05868069109029003,-0.5768745008536001,-0.12103459398231517,-0.3177856230559418,-0.39497345213557333,-0.2225814281165001,-0.23526668834491288,0.8445899779845251,1.0,-0.11873920939578138,-0.06908054189459308,0.00083042255116932,-0.0056689695809106905,0.0029208273497286913
Weather,0.02881606147984847,-0.1173227376215565,-0.06545531738034667,-0.1211926966135071,0.08089815251217805,0.04784717961657494,0.03493377231421579,0.20216646640823638,0.039215031745721,-0.10345571786822808,-0.058109706951754325,0.12393728427168879,0.11363013392483079,-0.04683503522304436,-0.11873920939578138,1.0,0.13553670950346328,-0.0020762268179781505,0.0022283058711541396,-0.004274507847195488
RISK_MM,0.10365526519757746,-0.04559465547882738,-0.029999643090214675,-0.20170837193566796,0.14762578867009896,0.051611065364982264,0.03622433430021481,0.2797151466524803,-0.11135744191681234,-0.1516754120399362,-0.14860641481039719,0.15068071200238897,0.18763790151206797,0.04433332534608559,-0.06908054189459308,0.13553670950346328,1.0,-0.0013705542701086563,-0.002302474205071898,0.004809841555576684
Year,-0.002440174127000757,-0.0012049772724938117,-0.0003766692257318001,-0.003137877111021309,0.002631395107532183,-0.0008190201098097054,-6.392443354429193e-05,0.00013877846490407408,0.0021017940570134596,0.0021819091789305207,0.000136711330846496,0.00023988135654925255,0.007308267880391541,-0.0020297382253444732,0.00083042255116932,-0.0020762268179781505,-0.0013705542701086563,1.0,-0.10591613295587524,-0.012993919166540548
Month,-0.003275341329529146,-0.007321451256525962,-0.005097051462496624,-0.006619540451467153,-0.0015174555602096356,-0.0015774091038553853,-0.0032308314375632864,-0.0022835266578247267,0.00241030056207485,0.003678522413931768,0.00045847044267289746,0.003446651368007148,0.01170618810985046,-0.0013842019365087129,-0.0056689695809106905,0.0022283058711541396,-0.002302474205071898,-0.10591613295587524,1.0,0.01331245882050031
Day,-0.004147887235504146,-0.0043317816795631165,-0.0048536682917590295,-0.0007488725553985773,1.4024170672893078e-05,0.0027633689649704785,0.00557508231586684,0.006708477361358363,-0.004261941399816736,-0.002030155273216048,5.7231068186739514e-05,-0.0037042716457992386,-0.006572826306858088,-0.0001021566817167705,0.0029208273497286913,-0.004274507847195488,0.004809841555576684,-0.012993919166540548,0.01331245882050031,1.0
